id,score
0,0.18888888888888888
1,0.5361111111111111
2,0.34444444444444444
3,0.005555555555555556
4,0.975
5,0.7666666666666667
6,0.34444444444444444
7,0.5888888888888889
8,0.9055555555555556
9,0.7694444444444445
10,0.6805555555555556
11,0.06666666666666667
12,0.1638888888888889
13,0.34444444444444444
14,0.9111111111111111
15,0.5194444444444445
16,0.14444444444444443
17,0.22777777777777777
18,0.11944444444444445
19,0.7055555555555556
20,0.6194444444444445
21,0.8222222222222222
22,0.7944444444444444
23,0.6583333333333333
24,0.7611111111111111
25,0.7472222222222222
26,0.75
27,0.10277777777777777
28,0.8166666666666667
29,0.7333333333333333
30,0.34444444444444444
31,0.34444444444444444
32,0.55
33,0.022222222222222223
34,0.7805555555555556
35,0.8666666666666667
36,0.6055555555555555
37,0.002777777777777778
38,0.34444444444444444
39,0.34444444444444444
40,0.9305555555555556
41,0.6388888888888888
42,0.4722222222222222
43,0.675
44,0.019444444444444445
45,0.8861111111111111
46,0.9833333333333333
47,0.4638888888888889
48,0.13055555555555556
49,0.5583333333333333
50,0.19166666666666668
51,0.5611111111111111
52,0.20833333333333334
53,0.8055555555555556
54,0.8833333333333333
55,0.6972222222222222
56,0.34444444444444444
57,0.8027777777777778
58,0.5638888888888889
59,0.016666666666666666
60,0.5333333333333333
61,0.34444444444444444
62,0.5916666666666667
63,0.1
64,0.9555555555555556
65,0.5694444444444444
66,0.20277777777777778
67,0.5166666666666667
68,0.34444444444444444
69,0.6361111111111111
70,0.34444444444444444
71,0.9944444444444445
72,0.9333333333333333
73,0.7305555555555555
74,0.525
75,0.34444444444444444
76,0.6722222222222223
77,0.34444444444444444
78,0.9027777777777778
79,0.10833333333333334
80,0.16666666666666666
81,0.9611111111111111
82,0.9472222222222222
83,0.9388888888888889
84,0.075
85,0.5055555555555555
86,0.8375
87,0.17222222222222222
88,0.22777777777777777
89,0.34444444444444444
90,0.7833333333333333
91,0.8
92,0.4527777777777778
93,0.03888888888888889
94,0.6861111111111111
95,0.5111111111111111
96,0.8305555555555556
97,0.34444444444444444
98,0.4861111111111111
99,0.34444444444444444
100,0.5444444444444444
101,0.7555555555555555
102,0.7777777777777778
103,0.6333333333333333
104,0.8888888888888888
105,0.9805555555555555
106,0.12777777777777777
107,0.6888888888888889
108,0.7888888888888889
109,0.95
110,0.8638888888888889
111,0.34444444444444444
112,0.34444444444444444
113,0.07222222222222222
114,0.7972222222222223
115,0.8083333333333333
116,0.9722222222222222
117,0.16944444444444445
118,0.34444444444444444
119,0.1361111111111111
120,0.2111111111111111
121,0.8194444444444444
122,0.10555555555555556
123,0.9694444444444444
124,0.9944444444444445
125,0.34444444444444444
126,0.5527777777777778
127,0.125
128,0.16111111111111112
129,0.9583333333333334
130,0.20555555555555555
131,0.22777777777777777
132,0.34444444444444444
133,0.7194444444444444
134,0.5388888888888889
135,0.34444444444444444
136,0.8611111111111112
137,0.6555555555555556
138,0.9944444444444445
139,0.058333333333333334
140,0.8111111111111111
141,0.34444444444444444
142,0.11388888888888889
143,0.49722222222222223
144,0.475
145,0.9944444444444445
146,0.7138888888888889
147,0.19722222222222222
148,0.9083333333333333
149,0.18611111111111112
150,0.21666666666666667
151,0.6527777777777778
152,0.13333333333333333
153,0.775
154,0.925
155,0.008333333333333333
156,0.7111111111111111
157,0.03333333333333333
158,0.5805555555555556
159,0.34444444444444444
160,0.7
161,0.34444444444444444
162,0.34444444444444444
163,0.6444444444444445
164,0.6416666666666667
165,0.1111111111111111
166,0.6097222222222223
167,0.12222222222222222
168,0.8972222222222223
169,0.9361111111111111
170,0.4666666666666667
171,0.34444444444444444
172,0.34444444444444444
173,0.6833333333333333
174,0.8694444444444445
175,0.34444444444444444
176,0.575
177,0.15833333333333333
178,0.22777777777777777
179,0.08055555555555556
180,0.34444444444444444
181,0.7277777777777777
182,0.8375
183,0.05555555555555555
184,0.15
185,0.8375
186,0.6
187,0.34444444444444444
188,0.34444444444444444
189,0.030555555555555555
190,0.34444444444444444
191,0.34444444444444444
192,0.34444444444444444
193,0.7388888888888889
194,0.4583333333333333
195,0.8944444444444445
196,0.011111111111111112
197,0.18333333333333332
198,0.8777777777777778
199,0.34444444444444444
200,0.34444444444444444
201,0.5777777777777777
202,0.175
203,0.85
204,0.14722222222222223
205,0.7916666666666666
206,0.09166666666666666
207,0.5083333333333333
208,0.34444444444444444
209,0.34444444444444444
210,0.7527777777777778
211,0.5555555555555556
212,0.49444444444444446
213,0.22777777777777777
214,0.15555555555555556
215,0.7638888888888888
216,0.34444444444444444
217,0.08611111111111111
218,0.8722222222222222
219,0.6611111111111111
220,0.46944444444444444
221,0.8527777777777777
222,0.46111111111111114
223,0.45555555555555555
224,0.9166666666666666
225,0.08333333333333333
226,0.34444444444444444
227,0.8277777777777777
228,0.4888888888888889
229,0.06111111111111111
230,0.5722222222222222
231,0.8375
232,0.22777777777777777
233,0.34444444444444444
234,0.9416666666666667
235,0.6694444444444444
236,0.875
237,0.041666666666666664
238,0.5944444444444444
239,0.7444444444444445
240,0.6166666666666667
241,0.625
242,0.17777777777777778
243,0.8444444444444444
244,0.9222222222222223
245,0.9277777777777778
246,0.34444444444444444
247,0.21388888888888888
248,0.34444444444444444
249,0.09444444444444444
250,0.34444444444444444
251,0.5472222222222223
252,0.1527777777777778
253,0.34444444444444444
254,0.9638888888888889
255,0.013888888888888888
256,0.5972222222222222
257,0.6305555555555555
258,0.34444444444444444
259,0.9138888888888889
260,0.5666666666666667
261,0.7861111111111111
262,0.7583333333333333
263,0.34444444444444444
264,0.18055555555555555
265,0.34444444444444444
266,0.04722222222222222
267,0.6777777777777778
268,0.34444444444444444
269,0.08888888888888889
270,0.34444444444444444
271,0.34444444444444444
272,0.34444444444444444
273,0.825
274,0.48333333333333334
275,0.9666666666666667
276,0.8555555555555555
277,0.19444444444444445
278,0.06944444444444445
279,0.34444444444444444
280,0.65
281,0.6138888888888889
282,0.34444444444444444
283,0.725
284,0.11666666666666667
285,0.6944444444444444
286,0.6277777777777778
287,0.044444444444444446
288,0.34444444444444444
289,0.34444444444444444
290,0.05
291,0.5138888888888888
292,0.07777777777777778
293,0.7027777777777777
294,0.9194444444444444
295,0.9444444444444444
296,0.5277777777777778
297,0.34444444444444444
298,0.34444444444444444
299,0.5305555555555556
300,0.8805555555555555
301,0.34444444444444444
302,0.48055555555555557
303,0.34444444444444444
304,0.34444444444444444
305,0.34444444444444444
306,0.7722222222222223
307,0.34444444444444444
308,0.14166666666666666
309,0.34444444444444444
310,0.06388888888888888
311,0.34444444444444444
312,0.34444444444444444
313,0.9
314,0.5416666666666666
315,0.9861111111111112
316,0.4777777777777778
317,0.34444444444444444
318,0.8583333333333333
319,0.6222222222222222
320,0.7416666666666667
321,0.34444444444444444
322,0.34444444444444444
323,0.05277777777777778
324,0.1388888888888889
325,0.5833333333333334
326,0.6638888888888889
327,0.34444444444444444
328,0.5027777777777778
329,0.2
330,0.6472222222222223
331,0.6027777777777777
332,0.09722222222222222
333,0.34444444444444444
334,0.6097222222222223
335,0.6666666666666666
336,0.025
337,0.9527777777777777
338,0.34444444444444444
339,0.7222222222222222
340,0.7083333333333334
341,0.8916666666666667
342,0.03611111111111111
343,0.7361111111111112
344,0.49166666666666664
345,0.5222222222222223
346,0.8138888888888889
347,0.22777777777777777
348,0.8472222222222222
349,0.027777777777777776
350,0.7166666666666667
351,0.34444444444444444
352,0.9777777777777777
353,0.34444444444444444
354,0.6916666666666667
355,0.5861111111111111
356,0.5
357,0.34444444444444444
358,0.9944444444444445
359,0.34444444444444444
